{"aAcc": 60.93000030517578, "mIoU": 48.310001373291016, "mAcc": 67.0199966430664, "AP50": 37.91, "AP75": 15.27, "data_time": 0.003038852165142695, "time": 0.8081988474975029}