{"aAcc": 77.98999786376953, "mIoU": 66.73999786376953, "mAcc": 84.19999694824219, "AP50": 67.07, "AP75": 46.2, "data_time": 0.03804094791412353, "time": 1.8101765036582946}