{"aAcc": 76.44000244140625, "mIoU": 59.709999084472656, "mAcc": 75.0199966430664, "AP50": 60.12, "AP75": 24.4, "data_time": 0.05041643977165222, "time": 3.5502473413944244}