{"aAcc": 54.560001373291016, "mIoU": 41.40999984741211, "mAcc": 64.79000091552734, "AP50": 40.27, "AP75": 13.0, "data_time": 0.012357325645154743, "time": 3.564071332438711}