{"aAcc": 87.37000274658203, "mIoU": 71.86000061035156, "mAcc": 83.30999755859375, "data_time": 0.02765083909034729, "time": 0.9116716802120208}