{"aAcc": 54.279998779296875, "mIoU": 41.2599983215332, "mAcc": 64.91000366210938, "AP50": 39.89, "AP75": 12.8, "data_time": 0.010909057119816684, "time": 4.148401462860655}