{"aAcc": 76.37000274658203, "mIoU": 60.040000915527344, "mAcc": 73.91999816894531, "AP50": 62.5, "AP75": 26.19, "data_time": 0.05906336506207784, "time": 3.6711805363496146}