{"aAcc": 78.01000213623047, "mIoU": 58.83000183105469, "mAcc": 72.2699966430664, "AP50": 59.56, "AP75": 42.87, "data_time": 0.00722838630751958, "time": 1.696609230741622}