{"aAcc": 78.91999816894531, "mIoU": 67.54000091552734, "mAcc": 84.68000030517578, "AP50": 69.56, "AP75": 47.43, "data_time": 0.043806803226470944, "time": 1.878226751089096}