{"aAcc": 83.23999786376953, "mIoU": 61.91999816894531, "mAcc": 79.01000213623047, "AP50": 68.77, "AP75": 44.37, "data_time": 0.008165585994720458, "time": 2.925944368839264}