{"aAcc": 84.16000366210938, "mIoU": 63.25, "mAcc": 79.88999938964844, "AP50": 71.55, "AP75": 45.25, "data_time": 0.010415072441101075, "time": 3.1678954672813417}