{"aAcc": 87.86000061035156, "mIoU": 72.6500015258789, "mAcc": 83.91999816894531, "data_time": 0.037235027551651, "time": 0.9436385869979859}