{"aAcc": 87.94999694824219, "mIoU": 72.81999969482422, "mAcc": 84.05999755859375, "AP50": 78.39, "AP75": 48.84, "data_time": 0.03059734106063843, "time": 1.246713799238205}