{"aAcc": 85.04000091552734, "mIoU": 64.52999877929688, "mAcc": 79.79000091552734, "AP50": 73.19, "AP75": 46.55, "data_time": 0.008967368602752686, "time": 3.2002930760383608}