{"aAcc": 62.25, "mIoU": 45.810001373291016, "mAcc": 63.09000015258789, "AP50": 43.26, "AP75": 14.62, "data_time": 0.010409440150101219, "time": 4.101273277729892}