{"aAcc": 80.0999984741211, "mIoU": 56.33000183105469, "mAcc": 76.37999725341797, "AP50": 64.69, "AP75": 33.18, "data_time": 0.008042545318603515, "time": 0.3976779294013977}