{"aAcc": 84.30000305175781, "mIoU": 66.44999694824219, "mAcc": 79.9000015258789, "data_time": 0.031321436166763306, "time": 1.0131263554096221}