{"aAcc": 66.06999969482422, "mIoU": 44.2599983215332, "mAcc": 60.47999954223633, "AP50": 47.24, "AP75": 26.27, "data_time": 0.014286456108093261, "time": 4.131408288478851}