{"aAcc": 78.69000244140625, "mIoU": 67.31999969482422, "mAcc": 84.54000091552734, "AP50": 69.56, "AP75": 47.84, "data_time": 0.03330212235450745, "time": 1.8622992217540741}