{"aAcc": 85.08000183105469, "mIoU": 64.23999786376953, "mAcc": 79.5, "AP50": 73.49, "AP75": 47.01, "data_time": 0.00798022985458374, "time": 2.039420635700226}