{"aAcc": 92.02999877929688, "mIoU": 24.899999618530273, "mAcc": 56.540000915527344, "AP50": 29.66, "AP75": 16.13, "data_time": 0.008924956094026975, "time": 3.123266984408191}