{"aAcc": 60.470001220703125, "mIoU": 42.93000030517578, "mAcc": 61.119998931884766, "AP50": 35.32, "AP75": 13.48, "data_time": 0.0030554297069708505, "time": 0.966150219241778}