{"aAcc": 76.4800033569336, "mIoU": 59.7599983215332, "mAcc": 74.97000122070312, "AP50": 61.31, "AP75": 25.0, "data_time": 0.07439595460891724, "time": 3.5899940530459085}