{"aAcc": 84.87999725341797, "mIoU": 64.08999633789062, "mAcc": 79.77999877929688, "AP50": 73.4, "AP75": 47.15, "data_time": 0.009518530368804932, "time": 2.0692246532440186}