{"aAcc": 60.0099983215332, "mIoU": 41.2400016784668, "mAcc": 67.08999633789062, "AP50": 37.46, "AP75": 14.72, "data_time": 0.003585396334528923, "time": 0.9734336398541927}