{"aAcc": 82.76000213623047, "mIoU": 25.010000228881836, "mAcc": 65.43000030517578, "AP50": 34.44, "AP75": 19.05, "data_time": 0.00948590406721214, "time": 5.90723317753036}