{"aAcc": 87.97000122070312, "mIoU": 72.8499984741211, "mAcc": 84.08999633789062, "AP50": 78.39, "AP75": 48.84, "data_time": 0.03818612098693848, "time": 1.3802101552486419}