{"aAcc": 84.55000305175781, "mIoU": 61.18000030517578, "mAcc": 77.9000015258789, "AP50": 67.83, "AP75": 39.31, "data_time": 0.007735977172851563, "time": 1.1728139519691467}