{"aAcc": 85.0199966430664, "mIoU": 64.5, "mAcc": 79.79000091552734, "AP50": 73.36, "AP75": 46.63, "data_time": 0.01078261137008667, "time": 2.0384613823890687}