{"aAcc": 85.63999938964844, "mIoU": 67.37999725341797, "mAcc": 78.19000244140625, "data_time": 0.030002003908157347, "time": 0.8853079199790954}