{"aAcc": 91.12999725341797, "mIoU": 29.299999237060547, "mAcc": 61.689998626708984, "AP50": 33.53, "AP75": 18.88, "data_time": 0.007815341448218747, "time": 3.0558511201805447}