{"aAcc": 74.18000030517578, "mIoU": 56.72999954223633, "mAcc": 70.8499984741211, "AP50": 58.93, "AP75": 17.26, "data_time": 0.052345057328542076, "time": 3.431807001431783}