{"aAcc": 54.720001220703125, "mIoU": 41.529998779296875, "mAcc": 65.0999984741211, "AP50": 40.02, "AP75": 12.96, "data_time": 0.012116906175202731, "time": 4.054292151232085}