{"aAcc": 60.45000076293945, "mIoU": 42.47999954223633, "mAcc": 60.310001373291016, "AP50": 34.53, "AP75": 13.06, "data_time": 0.0031447745859622955, "time": 0.9662516508251429}