{"aAcc": 57.310001373291016, "mIoU": 41.33000183105469, "mAcc": 69.19000244140625, "AP50": 46.73, "AP75": 18.15, "data_time": 0.15981781482696533, "time": 5.000519812107086}