{"aAcc": 91.11000061035156, "mIoU": 29.329999923706055, "mAcc": 61.709999084472656, "AP50": 33.6, "AP75": 18.88, "data_time": 0.012585616365653548, "time": 5.979916845634196}