{"aAcc": 84.88999938964844, "mIoU": 64.02999877929688, "mAcc": 79.73999786376953, "AP50": 73.01, "AP75": 46.97, "data_time": 0.009390754699707031, "time": 2.05927631855011}