{"aAcc": 66.94000244140625, "mIoU": 49.5099983215332, "mAcc": 70.73999786376953, "AP50": 49.91, "AP75": 27.76, "data_time": 0.042315608263015746, "time": 5.923104238510132}