{"aAcc": 91.55000305175781, "mIoU": 29.68000030517578, "mAcc": 61.279998779296875, "AP50": 34.55, "AP75": 20.28, "data_time": 0.009130694783458756, "time": 2.984240897289055}