{"aAcc": 58.79999923706055, "mIoU": 43.59000015258789, "mAcc": 70.0, "AP50": 49.02, "AP75": 19.35, "data_time": 0.16784727573394775, "time": 5.068005561828613}