{"aAcc": 87.33000183105469, "mIoU": 71.61000061035156, "mAcc": 83.58000183105469, "AP50": 77.89, "AP75": 49.84, "data_time": 0.028291940689086914, "time": 1.9884729564189911}