{"aAcc": 90.73999786376953, "mIoU": 26.790000915527344, "mAcc": 61.5, "AP50": 33.49, "AP75": 18.68, "data_time": 0.010913405128460658, "time": 3.4980129616566025}