{"aAcc": 71.12000274658203, "mIoU": 56.439998626708984, "mAcc": 76.04000091552734, "AP50": 60.67, "AP75": 35.52, "data_time": 0.03649944067001343, "time": 8.130737370252609}