{"aAcc": 87.11000061035156, "mIoU": 71.58000183105469, "mAcc": 83.08000183105469, "data_time": 0.03328729271888733, "time": 0.6610681593418122}