{"aAcc": 87.08000183105469, "mIoU": 71.55999755859375, "mAcc": 83.0199966430664, "data_time": 0.030318427085876464, "time": 0.9682740926742553}