{"aAcc": 60.63999938964844, "mIoU": 43.790000915527344, "mAcc": 59.70000076293945, "AP50": 39.32, "AP75": 13.08, "data_time": 0.010459933554726925, "time": 4.107304468109277}