{"aAcc": 87.83999633789062, "mIoU": 72.55999755859375, "mAcc": 84.0199966430664, "data_time": 0.033893370628356935, "time": 1.0350895643234252}