{"aAcc": 62.52000045776367, "mIoU": 46.189998626708984, "mAcc": 63.0, "AP50": 43.73, "AP75": 14.7, "data_time": 0.010059479321018932, "time": 4.099215902780232}