{"aAcc": 58.65999984741211, "mIoU": 43.34000015258789, "mAcc": 69.55999755859375, "AP50": 50.12, "AP75": 19.35, "data_time": 0.16264450550079346, "time": 4.728955864906311}