{"aAcc": 53.5, "mIoU": 34.619998931884766, "mAcc": 59.970001220703125, "AP50": 42.83, "AP75": 18.25, "data_time": 0.16376852989196777, "time": 4.783992111682892}