{"aAcc": 62.25, "mIoU": 45.810001373291016, "mAcc": 63.09000015258789, "AP50": 43.26, "AP75": 14.63, "data_time": 0.012859051877802069, "time": 4.129324143012745}