{"aAcc": 62.5, "mIoU": 46.13999938964844, "mAcc": 62.90999984741211, "AP50": 43.48, "AP75": 14.57, "data_time": 0.010290107658605257, "time": 3.4263613902780996}