{"aAcc": 52.31999969482422, "mIoU": 40.06999969482422, "mAcc": 62.880001068115234, "AP50": 39.46, "AP75": 12.83, "data_time": 0.012104429126356207, "time": 3.8330311592686117}