{"aAcc": 85.0199966430664, "mIoU": 64.5, "mAcc": 79.79000091552734, "AP50": 73.36, "AP75": 46.63, "data_time": 0.008509647846221925, "time": 2.023542640209198}