{"aAcc": 84.87999725341797, "mIoU": 64.08999633789062, "mAcc": 79.77999877929688, "AP50": 73.4, "AP75": 47.15, "data_time": 0.008278098106384277, "time": 2.0310153675079348}