{"aAcc": 78.08999633789062, "mIoU": 66.83000183105469, "mAcc": 84.26000213623047, "AP50": 67.07, "AP75": 46.61, "data_time": 0.03680461645126343, "time": 1.778907585144043}