{"aAcc": 8.630000114440918, "mIoU": 6.110000133514404, "mAcc": 10.039999961853027, "AP50": 4.76, "AP75": 1.29, "data_time": 0.010746784210205078, "time": 7.119414274692535}