{"aAcc": 78.7699966430664, "mIoU": 67.5199966430664, "mAcc": 84.20999908447266, "AP50": 70.04, "AP75": 48.49, "data_time": 0.04035342931747436, "time": 0.9046954929828643}