{"aAcc": 58.560001373291016, "mIoU": 43.16999816894531, "mAcc": 68.55999755859375, "AP50": 49.02, "AP75": 18.25, "data_time": 0.1626233458518982, "time": 4.178257584571838}