{"aAcc": 62.43000030517578, "mIoU": 46.060001373291016, "mAcc": 62.9900016784668, "AP50": 43.46, "AP75": 14.61, "data_time": 0.011059548295856092, "time": 4.104668038313469}