{"aAcc": 60.27000045776367, "mIoU": 41.0099983215332, "mAcc": 65.83999633789062, "AP50": 36.07, "AP75": 14.85, "data_time": 0.003254169598221779, "time": 0.7640281599014997}