{"aAcc": 61.04999923706055, "mIoU": 48.22999954223633, "mAcc": 67.4000015258789, "AP50": 37.95, "AP75": 15.27, "data_time": 0.0032316756745179496, "time": 0.9775498391439518}