{"aAcc": 76.7699966430664, "mIoU": 59.16999816894531, "mAcc": 75.37999725341797, "AP50": 58.93, "AP75": 25.0, "data_time": 0.05674485365549723, "time": 3.4896895587444305}