{"aAcc": 56.15999984741211, "mIoU": 42.279998779296875, "mAcc": 64.47000122070312, "AP50": 40.44, "AP75": 12.8, "data_time": 0.011084005593112782, "time": 2.6042624346947556}