{"aAcc": 54.83000183105469, "mIoU": 41.689998626708984, "mAcc": 64.81999969482422, "AP50": 40.59, "AP75": 13.1, "data_time": 0.011721810655730762, "time": 3.4995937364523493}