{"aAcc": 76.55999755859375, "mIoU": 59.7400016784668, "mAcc": 74.94000244140625, "AP50": 60.12, "AP75": 24.4, "data_time": 0.04991928736368815, "time": 3.1262800792853036}