{"aAcc": 78.91999816894531, "mIoU": 67.54000091552734, "mAcc": 84.68000030517578, "AP50": 69.56, "AP75": 47.43, "data_time": 0.04383764266967773, "time": 1.9185660481452942}