{"aAcc": 87.79000091552734, "mIoU": 71.8499984741211, "mAcc": 81.87000274658203, "data_time": 0.028512734174728393, "time": 0.949037390947342}