{"aAcc": 85.04000091552734, "mIoU": 64.52999877929688, "mAcc": 79.79000091552734, "AP50": 73.19, "AP75": 46.55, "data_time": 0.01125641107559204, "time": 3.734019174575806}