{"aAcc": 78.05999755859375, "mIoU": 58.61000061035156, "mAcc": 71.93000030517578, "AP50": 59.33, "AP75": 42.5, "data_time": 0.005927038571191212, "time": 1.6568863907503704}