{"aAcc": 83.91000366210938, "mIoU": 63.029998779296875, "mAcc": 79.70999908447266, "AP50": 70.95, "AP75": 45.25, "data_time": 0.011108968257904053, "time": 3.172723355293274}