{"aAcc": 91.30000305175781, "mIoU": 29.469999313354492, "mAcc": 61.650001525878906, "AP50": 34.07, "AP75": 19.3, "data_time": 0.009408525567167774, "time": 3.13087812595374}