{"aAcc": 54.849998474121094, "mIoU": 41.68000030517578, "mAcc": 65.0199966430664, "AP50": 40.66, "AP75": 13.12, "data_time": 0.01077815790495804, "time": 3.744518448861592}