{"aAcc": 87.97000122070312, "mIoU": 72.8499984741211, "mAcc": 84.08999633789062, "AP50": 78.39, "AP75": 48.84, "data_time": 0.033388710021972655, "time": 1.32534618973732}