{"aAcc": 56.529998779296875, "mIoU": 42.54999923706055, "mAcc": 64.2300033569336, "AP50": 39.98, "AP75": 13.04, "data_time": 0.010540058167927573, "time": 2.413564419061944}