{"aAcc": 92.05000305175781, "mIoU": 22.270000457763672, "mAcc": 51.04999923706055, "AP50": 26.64, "AP75": 14.54, "data_time": 0.0077210760165718735, "time": 2.564046060207659}