{"aAcc": 75.05999755859375, "mIoU": 64.4000015258789, "mAcc": 82.63999938964844, "data_time": 0.03393187522888184, "time": 0.7676263809204101}