{"aAcc": 76.4800033569336, "mIoU": 59.7599983215332, "mAcc": 74.97000122070312, "AP50": 61.31, "AP75": 25.0, "data_time": 0.054894069830576576, "time": 3.371296832958857}