{"aAcc": 84.02999877929688, "mIoU": 60.31999969482422, "mAcc": 77.87999725341797, "AP50": 67.75, "AP75": 39.42, "data_time": 0.009420950412750245, "time": 0.987499635219574}