{"aAcc": 60.02000045776367, "mIoU": 40.83000183105469, "mAcc": 59.540000915527344, "AP50": 33.89, "AP75": 11.3, "data_time": 0.0029171922554572425, "time": 0.9623539708554745}