{"aAcc": 92.04000091552734, "mIoU": 25.100000381469727, "mAcc": 56.77000045776367, "AP50": 29.68, "AP75": 16.23, "data_time": 0.010041046699516063, "time": 3.537599440089455}