{"aAcc": 77.76000213623047, "mIoU": 58.380001068115234, "mAcc": 71.86000061035156, "AP50": 59.04, "AP75": 42.3, "data_time": 0.005886374957977779, "time": 1.6697473909173692}