{"aAcc": 87.7699966430664, "mIoU": 72.37000274658203, "mAcc": 84.16000366210938, "AP50": 78.39, "AP75": 50.34, "data_time": 0.03014148473739624, "time": 1.7027853190898896}