{"aAcc": 76.1500015258789, "mIoU": 65.29000091552734, "mAcc": 83.22000122070312, "data_time": 0.03948591351509094, "time": 1.0061004221439362}