{"aAcc": 57.31999969482422, "mIoU": 41.36000061035156, "mAcc": 69.25, "AP50": 46.73, "AP75": 18.15, "data_time": 0.21489322185516357, "time": 5.750458180904388}