{"aAcc": 54.349998474121094, "mIoU": 41.459999084472656, "mAcc": 64.83999633789062, "AP50": 40.22, "AP75": 12.97, "data_time": 0.011616042356171677, "time": 4.166927059871728}