{"aAcc": 57.97999954223633, "mIoU": 41.58000183105469, "mAcc": 69.36000061035156, "AP50": 47.83, "AP75": 17.06, "data_time": 0.16097229719161987, "time": 5.155565619468689}