{"aAcc": 78.81999969482422, "mIoU": 67.48999786376953, "mAcc": 84.29000091552734, "AP50": 70.04, "AP75": 48.49, "data_time": 0.04741119146347046, "time": 2.0049603462219237}