{"aAcc": 60.0099983215332, "mIoU": 41.2400016784668, "mAcc": 67.08999633789062, "AP50": 37.46, "AP75": 14.72, "data_time": 0.0033015081038077674, "time": 0.9675558966894945}