{"aAcc": 0.8999999761581421, "mIoU": 0.15000000596046448, "mAcc": 16.670000076293945, "AP50": 0.0, "AP75": 0.0, "data_time": 0.009524693489074707, "time": 1.832711935043335}