{"aAcc": 76.08999633789062, "mIoU": 65.18000030517578, "mAcc": 83.18000030517578, "data_time": 0.03777480125427246, "time": 1.0401326596736908}