{"aAcc": 87.91000366210938, "mIoU": 72.73999786376953, "mAcc": 84.02999877929688, "data_time": 0.0319067120552063, "time": 0.8888213336467743}