{"aAcc": 84.7699966430664, "mIoU": 63.959999084472656, "mAcc": 79.94000244140625, "AP50": 73.1, "AP75": 47.1, "data_time": 0.010059053897857667, "time": 2.067827706336975}