{"aAcc": 62.25, "mIoU": 45.810001373291016, "mAcc": 63.09000015258789, "AP50": 43.26, "AP75": 14.62, "data_time": 0.013818194991663882, "time": 4.115346436865592}