{"aAcc": 61.060001373291016, "mIoU": 48.25, "mAcc": 67.37999725341797, "AP50": 38.01, "AP75": 15.24, "data_time": 0.0030149370431900024, "time": 0.9743099243690571}