{"aAcc": 84.91999816894531, "mIoU": 20.59000015258789, "mAcc": 53.68000030517578, "AP50": 27.72, "AP75": 14.78, "data_time": 0.0077708326881589535, "time": 2.231425768401114}