{"aAcc": 54.45000076293945, "mIoU": 41.560001373291016, "mAcc": 64.73999786376953, "AP50": 40.21, "AP75": 12.91, "data_time": 0.010081805110548101, "time": 2.897885169709128}