{"aAcc": 78.3499984741211, "mIoU": 67.13999938964844, "mAcc": 83.97000122070312, "AP50": 70.04, "AP75": 48.14, "data_time": 0.055028074979782106, "time": 1.0616776525974274}