{"aAcc": 54.45000076293945, "mIoU": 41.560001373291016, "mAcc": 64.73999786376953, "AP50": 40.21, "AP75": 12.91, "data_time": 0.008814383922011088, "time": 2.844306763279381}