{"aAcc": 76.47000122070312, "mIoU": 59.75, "mAcc": 74.95999908447266, "AP50": 61.31, "AP75": 25.0, "data_time": 0.05024728178977966, "time": 3.372986485560735}