{"aAcc": 58.599998474121094, "mIoU": 43.36000061035156, "mAcc": 69.2300033569336, "AP50": 50.12, "AP75": 19.35, "data_time": 0.1735822558403015, "time": 4.417220175266266}