{"aAcc": 84.55999755859375, "mIoU": 64.30000305175781, "mAcc": 80.12999725341797, "AP50": 73.18, "AP75": 48.79, "data_time": 0.009357752799987793, "time": 1.9173154354095459}