{"aAcc": 55.93000030517578, "mIoU": 42.04999923706055, "mAcc": 65.29000091552734, "AP50": 40.51, "AP75": 13.1, "data_time": 0.010442220993589556, "time": 3.3658935487555546}