{"aAcc": 82.95999908447266, "mIoU": 26.030000686645508, "mAcc": 64.41999816894531, "AP50": 35.48, "AP75": 19.44, "data_time": 0.007831316066337017, "time": 4.746082973168995}