{"aAcc": 67.11000061035156, "mIoU": 49.619998931884766, "mAcc": 70.7699966430664, "AP50": 49.55, "AP75": 27.76, "data_time": 0.035199600458145144, "time": 7.420146173238754}