{"aAcc": 59.7400016784668, "mIoU": 45.130001068115234, "mAcc": 63.4900016784668, "AP50": 35.53, "AP75": 15.11, "data_time": 0.0035162518421808877, "time": 0.8820071512212356}