{"aAcc": 84.37999725341797, "mIoU": 62.97999954223633, "mAcc": 78.4000015258789, "AP50": 71.38, "AP75": 45.25, "data_time": 0.013144233226776124, "time": 4.162399294376374}