{"aAcc": 84.94999694824219, "mIoU": 64.37999725341797, "mAcc": 79.7300033569336, "AP50": 72.74, "AP75": 46.4, "data_time": 0.010251739025115968, "time": 1.229028160572052}