{"aAcc": 87.91000366210938, "mIoU": 72.73999786376953, "mAcc": 84.02999877929688, "AP50": 78.89, "AP75": 47.8, "data_time": 0.0356234073638916, "time": 0.9986796021461487}