{"aAcc": 84.4800033569336, "mIoU": 63.099998474121094, "mAcc": 77.97000122070312, "AP50": 71.06, "AP75": 46.27, "data_time": 0.009690468311309814, "time": 7.0548548102378845}