{"aAcc": 84.97000122070312, "mIoU": 64.12999725341797, "mAcc": 79.77999877929688, "AP50": 73.05, "AP75": 46.97, "data_time": 0.009309327602386475, "time": 2.0598581290245055}