{"aAcc": 84.08000183105469, "mIoU": 62.93000030517578, "mAcc": 79.05000305175781, "AP50": 71.78, "AP75": 46.58, "data_time": 0.010665857791900634, "time": 3.7232583022117614}