{"aAcc": 86.94000244140625, "mIoU": 71.0, "mAcc": 83.05999755859375, "data_time": 0.027903938293457033, "time": 0.8393811583518982}