{"aAcc": 76.08000183105469, "mIoU": 65.2300033569336, "mAcc": 83.19000244140625, "data_time": 0.037282705307006836, "time": 1.0466436207294465}