{"aAcc": 62.29999923706055, "mIoU": 45.97999954223633, "mAcc": 63.279998779296875, "AP50": 43.43, "AP75": 14.6, "data_time": 0.011956551998996279, "time": 4.1707397847654715}