{"aAcc": 82.62000274658203, "mIoU": 66.38999938964844, "mAcc": 78.77999877929688, "AP50": 72.34, "AP75": 43.8, "data_time": 0.03628826141357422, "time": 1.306896734237671}