{"aAcc": 75.33000183105469, "mIoU": 57.93000030517578, "mAcc": 76.19999694824219, "AP50": 65.99, "AP75": 45.77, "data_time": 0.009800665378570557, "time": 2.048918447494507}