{"aAcc": 62.22999954223633, "mIoU": 51.16999816894531, "mAcc": 68.77999877929688, "AP50": 56.64, "AP75": 36.37, "data_time": 0.008608882427215575, "time": 3.0569663286209106}