{"aAcc": 74.5999984741211, "mIoU": 62.380001068115234, "mAcc": 79.62999725341797, "data_time": 0.03674691915512085, "time": 0.956768399477005}