{"aAcc": 76.06999969482422, "mIoU": 65.13999938964844, "mAcc": 83.13999938964844, "AP50": 67.91, "AP75": 45.85, "data_time": 0.035431158542633054, "time": 1.5124069929122925}