{"aAcc": 57.400001525878906, "mIoU": 37.04999923706055, "mAcc": 61.470001220703125, "AP50": 43.93, "AP75": 18.25, "data_time": 0.1654486060142517, "time": 4.851678669452667}