{"aAcc": 81.31999969482422, "mIoU": 60.79999923706055, "mAcc": 78.68000030517578, "AP50": 67.63, "AP75": 45.17, "data_time": 0.011193583011627197, "time": 1.815342743396759}