{"aAcc": 51.650001525878906, "mIoU": 40.54999923706055, "mAcc": 62.04999923706055, "AP50": 39.39, "AP75": 12.13, "data_time": 0.01132698207380669, "time": 3.396079457547676}