{"aAcc": 54.849998474121094, "mIoU": 41.68000030517578, "mAcc": 65.0199966430664, "AP50": 40.66, "AP75": 13.12, "data_time": 0.010713328585099945, "time": 3.677586670697591}