{"aAcc": 62.43000030517578, "mIoU": 45.040000915527344, "mAcc": 71.0199966430664, "AP50": 51.22, "AP75": 19.35, "data_time": 0.1670076847076416, "time": 4.769586205482483}