{"aAcc": 76.47000122070312, "mIoU": 59.75, "mAcc": 74.95999908447266, "AP50": 61.31, "AP75": 25.0, "data_time": 0.06049066781997681, "time": 3.366055279970169}