{"aAcc": 54.31999969482422, "mIoU": 41.40999984741211, "mAcc": 64.77999877929688, "AP50": 40.08, "AP75": 12.89, "data_time": 0.011987212742344615, "time": 3.3708105708993794}