{"aAcc": 75.05999755859375, "mIoU": 64.4000015258789, "mAcc": 82.63999938964844, "data_time": 0.05171235203742981, "time": 1.032941597700119}