{"aAcc": 75.66999816894531, "mIoU": 64.6500015258789, "mAcc": 83.02999877929688, "data_time": 0.036003094911575315, "time": 1.0516088128089904}