{"aAcc": 58.13999938964844, "mIoU": 42.779998779296875, "mAcc": 68.75, "AP50": 49.02, "AP75": 18.25, "data_time": 0.20309323072433472, "time": 5.269952297210693}