{"aAcc": 88.5, "mIoU": 74.0999984741211, "mAcc": 84.61000061035156, "AP50": 79.39, "AP75": 51.95, "data_time": 0.03204506039619446, "time": 0.6532587230205535}