{"aAcc": 60.02000045776367, "mIoU": 40.83000183105469, "mAcc": 59.540000915527344, "AP50": 33.89, "AP75": 11.3, "data_time": 0.0031788603713115058, "time": 0.9629295940200487}