{"aAcc": 84.63999938964844, "mIoU": 63.86000061035156, "mAcc": 80.0999984741211, "AP50": 72.39, "AP75": 47.15, "data_time": 0.008799824714660644, "time": 2.058185267448425}