{"aAcc": 77.76000213623047, "mIoU": 58.540000915527344, "mAcc": 71.80999755859375, "AP50": 59.24, "AP75": 42.6, "data_time": 0.005855457177237859, "time": 1.6113937771509563}