{"aAcc": 54.2599983215332, "mIoU": 41.209999084472656, "mAcc": 64.8499984741211, "AP50": 39.76, "AP75": 12.72, "data_time": 0.01156112737062445, "time": 3.302351280832975}