{"aAcc": 92.0199966430664, "mIoU": 24.889999389648438, "mAcc": 56.5099983215332, "AP50": 29.69, "AP75": 16.11, "data_time": 0.009894244247431282, "time": 3.118916055583659}