{"aAcc": 54.45000076293945, "mIoU": 41.560001373291016, "mAcc": 64.73999786376953, "AP50": 40.21, "AP75": 12.91, "data_time": 0.011028600651681708, "time": 2.9581904970287707}