{"aAcc": 87.91000366210938, "mIoU": 72.73999786376953, "mAcc": 84.02999877929688, "data_time": 0.03460068106651306, "time": 1.0469001233577728}