{"aAcc": 54.09000015258789, "mIoU": 41.029998779296875, "mAcc": 64.73999786376953, "AP50": 40.09, "AP75": 13.06, "data_time": 0.01095414275758004, "time": 4.260892810433675}