{"aAcc": 61.029998779296875, "mIoU": 48.900001525878906, "mAcc": 67.01000213623047, "AP50": 37.64, "AP75": 15.34, "data_time": 0.003380240872502327, "time": 0.9726244192570448}