{"aAcc": 60.5, "mIoU": 42.77000045776367, "mAcc": 60.95000076293945, "AP50": 34.96, "AP75": 12.88, "data_time": 0.002896783252557119, "time": 0.9643189311027527}