{"aAcc": 87.81999969482422, "mIoU": 72.61000061035156, "mAcc": 83.9000015258789, "data_time": 0.032374238967895506, "time": 0.9415112316608429}