{"aAcc": 61.04999923706055, "mIoU": 48.79999923706055, "mAcc": 66.88999938964844, "AP50": 37.4, "AP75": 15.3, "data_time": 0.0028658130516608558, "time": 0.9597367588430643}