{"aAcc": 88.23999786376953, "mIoU": 73.4000015258789, "mAcc": 84.38999938964844, "AP50": 78.89, "AP75": 48.84, "data_time": 0.03291910290718079, "time": 1.3237953960895539}