{"aAcc": 82.83999633789062, "mIoU": 64.37999725341797, "mAcc": 77.9000015258789, "AP50": 69.37, "AP75": 40.32, "data_time": 0.22019753456115723, "time": 5.403733348846435}