{"aAcc": 60.349998474121094, "mIoU": 41.63999938964844, "mAcc": 67.0199966430664, "AP50": 37.63, "AP75": 15.1, "data_time": 0.014426906903584799, "time": 4.005832701921463}