{"aAcc": 76.02999877929688, "mIoU": 65.19999694824219, "mAcc": 83.13999938964844, "data_time": 0.0324994683265686, "time": 0.939374440908432}