{"aAcc": 76.08999633789062, "mIoU": 59.72999954223633, "mAcc": 73.51000213623047, "AP50": 61.9, "AP75": 25.0, "data_time": 0.04200316468874613, "time": 1.7142910559972127}