{"aAcc": 58.15999984741211, "mIoU": 42.13999938964844, "mAcc": 69.37999725341797, "AP50": 47.83, "AP75": 18.15, "data_time": 0.16275572776794434, "time": 4.638128995895386}