{"aAcc": 74.81999969482422, "mIoU": 57.27000045776367, "mAcc": 72.0199966430664, "AP50": 58.33, "AP75": 21.43, "data_time": 0.04780980944633484, "time": 3.4281691710154214}