{"aAcc": 60.68000030517578, "mIoU": 43.060001373291016, "mAcc": 61.2400016784668, "AP50": 35.46, "AP75": 13.46, "data_time": 0.0033625097324450812, "time": 0.9691811495771011}