{"aAcc": 77.37999725341797, "mIoU": 56.810001373291016, "mAcc": 68.05000305175781, "data_time": 0.05341470241546631, "time": 1.1416605015595753}