{"aAcc": 90.75, "mIoU": 26.850000381469727, "mAcc": 61.619998931884766, "AP50": 33.53, "AP75": 18.84, "data_time": 0.007913248271149321, "time": 3.400069241260016}