{"aAcc": 84.5, "mIoU": 63.09000015258789, "mAcc": 78.4800033569336, "AP50": 71.82, "AP75": 45.84, "data_time": 0.010405900478363038, "time": 4.113461670875549}