{"aAcc": 61.04999923706055, "mIoU": 48.79999923706055, "mAcc": 66.88999938964844, "AP50": 37.4, "AP75": 15.3, "data_time": 0.003103432555993398, "time": 0.9600540511310101}