{"aAcc": 62.560001373291016, "mIoU": 46.209999084472656, "mAcc": 62.970001220703125, "AP50": 43.72, "AP75": 14.69, "data_time": 0.01006904800542804, "time": 4.0915255666349495}