{"aAcc": 77.75, "mIoU": 58.47999954223633, "mAcc": 72.06999969482422, "AP50": 59.04, "AP75": 42.37, "data_time": 0.005787467672711327, "time": 1.6648365396355826}