{"aAcc": 44.45000076293945, "mIoU": 31.25, "mAcc": 53.20000076293945, "AP50": 23.18, "AP75": 9.37, "data_time": 0.0031738157073656716, "time": 0.9656459204852581}