{"aAcc": 75.43000030517578, "mIoU": 55.22999954223633, "mAcc": 76.44000244140625, "AP50": 61.63, "AP75": 38.38, "data_time": 0.011984820365905762, "time": 3.806419560909271}