{"aAcc": 67.11000061035156, "mIoU": 49.619998931884766, "mAcc": 70.7699966430664, "AP50": 49.55, "AP75": 27.76, "data_time": 0.03231271505355835, "time": 7.442575341463089}