{"aAcc": 84.86000061035156, "mIoU": 64.44999694824219, "mAcc": 80.31999969482422, "AP50": 72.81, "AP75": 47.63, "data_time": 0.008630187511444091, "time": 2.0409608101844787}