{"aAcc": 81.31999969482422, "mIoU": 60.79999923706055, "mAcc": 78.68000030517578, "AP50": 67.63, "AP75": 45.17, "data_time": 0.01115382432937622, "time": 1.6987297773361205}