{"aAcc": 95.93000030517578, "mIoU": 21.770000457763672, "mAcc": 33.119998931884766, "AP50": 14.05, "AP75": 8.36, "data_time": 0.010107801854098552, "time": 3.14210290738456}