{"aAcc": 85.0199966430664, "mIoU": 64.5, "mAcc": 79.79000091552734, "AP50": 73.36, "AP75": 46.63, "data_time": 0.013229017257690429, "time": 2.0417579507827757}