{"aAcc": 60.279998779296875, "mIoU": 41.0, "mAcc": 65.79000091552734, "data_time": 0.0033714119344949722, "time": 0.8580220819761356}