{"aAcc": 11.819999694824219, "mIoU": 7.46999979019165, "mAcc": 23.219999313354492, "AP50": 5.94, "AP75": 2.93, "data_time": 0.010761110782623292, "time": 1.6588210821151734}