{"aAcc": 59.540000915527344, "mIoU": 42.13999938964844, "mAcc": 58.790000915527344, "AP50": 38.57, "AP75": 12.74, "data_time": 0.011399968959498063, "time": 4.095854518516212}